ITERATION;avg. Average Leg distance;avg. Average Trip distance
0;924.8641706190903;924.8641706190903
1;924.8642679156195;924.8642679156195
2;924.8643689060167;924.8643689060167
3;924.8644332420763;924.8644332420763
4;924.8645211626826;924.8645211626826
5;924.8645885050634;924.8645885050634
6;924.8646665332329;924.8646665332329
7;924.8646916987572;924.8646916987572
8;924.8647787560635;924.8647787560635
9;924.8648388113749;924.8648388113749
10;924.8648934388981;924.8648934388981
